"تاريخ","اخر سعر","سعر الفتح","عالي","منخفض","الحجم","التغير %"
"16‏/02‏/2026","18,646.69","18,573.04","18,665.32","18,567.09","","0.40%"
"13‏/02‏/2026","18,573.12","18,645.43","18,682.13","18,561.44","","-0.39%"
"12‏/02‏/2026","18,645.43","18,365.69","18,645.96","18,365.69","","1.52%"
"11‏/02‏/2026","18,365.69","18,303.36","18,391.71","18,275.77","","0.34%"
"10‏/02‏/2026","18,303.36","18,338.87","18,405.84","18,266.59","","-0.19%"
"09‏/02‏/2026","18,338.87","18,306.80","18,481.69","18,292.11","","0.18%"
"06‏/02‏/2026","18,306.80","18,122.70","18,310.25","17,924.37","","1.02%"
"05‏/02‏/2026","18,122.70","18,450.76","18,497.70","18,122.70","","-1.78%"
"04‏/02‏/2026","18,450.76","18,439.79","18,595.57","18,430.14","","0.06%"
"03‏/02‏/2026","18,439.79","18,524.06","18,648.05","18,434.19","","-0.45%"
"02‏/02‏/2026","18,524.06","18,666.95","18,730.57","18,399.39","","-0.77%"
"30‏/01‏/2026","18,666.95","18,955.53","18,957.77","18,666.95","","-1.52%"
"29‏/01‏/2026","18,955.53","18,963.82","19,109.49","18,943.00","","-0.04%"
"28‏/01‏/2026","18,963.82","18,616.29","18,963.82","18,616.29","","1.87%"
"27‏/01‏/2026","18,616.29","18,384.99","18,618.86","18,379.59","","1.26%"
"26‏/01‏/2026","18,384.99","18,643.56","18,722.35","18,360.24","","-1.39%"
"23‏/01‏/2026","18,643.56","18,792.09","18,945.44","18,627.81","","-0.79%"
"22‏/01‏/2026","18,792.09","18,650.08","19,056.38","18,650.08","","0.76%"
"21‏/01‏/2026","18,650.08","18,882.11","18,976.06","18,650.08","","-1.23%"
"20‏/01‏/2026","18,882.11","19,008.06","19,091.19","18,816.38","","-0.66%"
"19‏/01‏/2026","19,008.06","19,200.47","19,284.29","18,982.96","","-1.00%"
"16‏/01‏/2026","19,200.47","19,270.33","19,293.44","19,136.28","","-0.36%"
"15‏/01‏/2026","19,270.33","19,381.89","19,473.83","19,198.46","","-0.58%"
"13‏/01‏/2026","19,381.89","19,516.71","19,550.71","19,376.29","","-0.69%"
"12‏/01‏/2026","19,516.71","19,469.47","19,525.13","19,394.74","","0.24%"
"09‏/01‏/2026","19,469.47","19,388.28","19,513.60","19,318.92","","0.42%"
"08‏/01‏/2026","19,388.28","19,445.46","19,510.57","19,304.63","","-0.29%"
"07‏/01‏/2026","19,445.46","19,554.97","19,638.15","19,422.15","","-0.56%"
"06‏/01‏/2026","19,554.97","19,440.91","19,630.37","19,440.68","","0.59%"
"05‏/01‏/2026","19,440.91","19,208.36","19,440.91","19,180.38","","1.21%"
"02‏/01‏/2026","19,208.36","18,846.35","19,208.36","18,774.74","","1.92%"
"31‏/12‏/2025","18,846.35","18,654.74","18,869.80","18,651.55","","1.03%"
"30‏/12‏/2025","18,654.74","18,386.49","18,672.90","18,386.49","","1.46%"
"29‏/12‏/2025","18,386.49","18,476.19","18,813.23","18,378.58","","-0.49%"
"26‏/12‏/2025","18,476.19","18,941.16","19,144.14","18,476.19","","-2.45%"
"25‏/12‏/2025","18,941.16","18,917.37","19,048.87","18,864.61","","0.13%"
"24‏/12‏/2025","18,917.37","18,943.40","19,001.97","18,881.84","","-0.14%"
"23‏/12‏/2025","18,943.40","18,941.74","18,966.16","18,795.24","","0.01%"
"22‏/12‏/2025","18,941.74","18,938.30","18,983.64","18,886.00","","0.02%"
"19‏/12‏/2025","18,938.30","18,815.95","19,005.82","18,815.95","","0.65%"
"18‏/12‏/2025","18,815.95","18,760.08","18,869.60","18,759.49","","0.30%"
"17‏/12‏/2025","18,760.08","18,583.78","18,767.61","18,583.78","","0.95%"
"16‏/12‏/2025","18,583.78","18,553.93","18,671.92","18,543.49","","0.16%"
"15‏/12‏/2025","18,553.93","18,566.51","18,694.45","18,515.19","","-0.07%"
"12‏/12‏/2025","18,566.51","18,498.78","18,622.63","18,498.78","","0.37%"
"11‏/12‏/2025","18,498.78","18,520.07","18,545.73","18,418.11","","-0.11%"
"10‏/12‏/2025","18,520.07","18,458.27","18,529.44","18,396.95","","0.33%"
"09‏/12‏/2025","18,458.70","18,473.46","18,527.50","18,410.70","","-0.08%"
"08‏/12‏/2025","18,473.46","18,469.38","18,563.04","18,418.04","","0.02%"
"05‏/12‏/2025","18,469.38","18,386.27","18,480.01","18,339.21","","0.45%"
"04‏/12‏/2025","18,386.27","18,371.96","18,495.42","18,371.68","","0.08%"
"03‏/12‏/2025","18,371.96","18,350.34","18,415.29","18,323.25","","0.12%"
"02‏/12‏/2025","18,350.34","18,428.73","18,437.57","18,318.91","","-0.46%"
"01‏/12‏/2025","18,434.92","18,603.59","18,603.59","18,434.92","","-0.91%"
"28‏/11‏/2025","18,603.59","18,640.63","18,662.77","18,492.47","","-0.20%"
"27‏/11‏/2025","18,640.63","18,535.59","18,648.85","18,515.50","","0.57%"
"26‏/11‏/2025","18,535.59","18,382.71","18,538.80","18,382.71","","0.83%"
"25‏/11‏/2025","18,382.71","18,337.56","18,458.28","18,337.56","","0.25%"
"24‏/11‏/2025","18,337.56","18,205.28","18,340.14","18,187.32","","0.73%"
"21‏/11‏/2025","18,205.28","18,112.94","18,217.85","18,112.90","","0.51%"
"20‏/11‏/2025","18,112.94","18,207.75","18,245.10","18,106.62","","-0.52%"
"19‏/11‏/2025","18,207.75","18,496.12","18,515.44","18,199.80","","-1.56%"
"17‏/11‏/2025","18,496.12","18,645.53","18,935.71","18,496.12","","-0.80%"
"14‏/11‏/2025","18,645.53","18,754.43","18,834.18","18,614.20","","-0.58%"
"13‏/11‏/2025","18,754.43","18,668.96","18,834.21","18,668.96","","0.46%"
"12‏/11‏/2025","18,668.96","18,624.84","18,864.75","18,622.77","","0.24%"
"11‏/11‏/2025","18,624.84","19,064.05","19,079.85","18,624.84","","-2.30%"
"10‏/11‏/2025","19,064.05","19,268.40","19,286.21","19,058.20","","-1.06%"
"07‏/11‏/2025","19,268.40","19,406.21","19,495.71","19,254.84","","-0.71%"
"05‏/11‏/2025","19,406.21","19,561.84","19,578.70","19,406.21","","-0.80%"
"04‏/11‏/2025","19,561.84","19,710.01","19,728.01","19,543.41","","-0.75%"
"03‏/11‏/2025","19,710.01","19,636.52","20,060.07","19,636.52","","0.37%"
"31‏/10‏/2025","19,636.52","19,546.88","19,728.29","19,518.22","","0.46%"
"30‏/10‏/2025","19,546.88","19,501.70","19,565.19","19,462.49","","0.23%"
"29‏/10‏/2025","19,501.70","19,410.19","19,512.88","19,410.13","","0.47%"
"28‏/10‏/2025","19,410.19","19,374.33","19,448.11","19,367.20","","0.19%"
"27‏/10‏/2025","19,374.33","19,443.32","19,469.58","19,373.75","","-0.35%"
"24‏/10‏/2025","19,443.32","19,384.53","19,443.60","19,290.03","","0.30%"
"23‏/10‏/2025","19,384.53","19,452.84","19,482.16","19,297.96","","-0.35%"
"22‏/10‏/2025","19,452.84","19,339.45","19,516.70","19,339.45","","0.59%"
"21‏/10‏/2025","19,339.45","18,927.90","19,339.45","18,927.90","","2.17%"
"20‏/10‏/2025","18,927.90","18,457.86","18,929.02","18,457.86","","2.55%"
"17‏/10‏/2025","18,457.86","18,438.26","18,566.77","18,432.25","","0.11%"
"16‏/10‏/2025","18,438.26","18,199.30","18,457.60","18,184.11","","1.31%"
"15‏/10‏/2025","18,199.30","18,296.61","18,492.86","18,064.53","","-0.53%"
"14‏/10‏/2025","18,296.61","18,666.19","18,743.03","18,268.23","","-1.98%"
"13‏/10‏/2025","18,666.19","18,549.37","18,762.61","18,549.37","","0.63%"
"10‏/10‏/2025","18,549.37","18,599.49","18,687.97","18,549.07","","-0.27%"
"09‏/10‏/2025","18,599.49","18,862.92","18,967.58","18,599.49","","-1.40%"
"08‏/10‏/2025","18,862.92","18,983.55","19,093.31","18,841.85","","-0.64%"
"07‏/10‏/2025","18,983.55","19,084.25","19,198.59","18,983.55","","-0.53%"
"06‏/10‏/2025","19,084.25","18,820.18","19,230.22","18,820.18","","1.40%"
"03‏/10‏/2025","18,820.18","18,460.09","19,044.45","18,454.76","","1.95%"
"02‏/10‏/2025","18,460.09","18,371.20","18,597.47","17,765.29","","0.48%"
"01‏/10‏/2025","18,371.20","19,024.82","19,024.82","18,367.38","","-3.44%"
"30‏/09‏/2025","19,024.82","18,980.22","19,056.95","18,404.41","","0.23%"
"29‏/09‏/2025","18,980.22","19,342.98","19,393.68","18,980.22","","-1.88%"
"26‏/09‏/2025","19,342.98","19,430.04","19,465.04","19,265.38","","-0.45%"
"25‏/09‏/2025","19,430.04","19,617.53","19,658.13","19,416.63","","-0.96%"
"24‏/09‏/2025","19,617.53","19,770.15","19,925.33","19,572.56","","-0.77%"
"23‏/09‏/2025","19,770.15","19,956.20","20,029.47","19,765.19","","-0.93%"
"22‏/09‏/2025","19,956.63","19,944.13","20,021.93","19,914.04","","0.06%"
"19‏/09‏/2025","19,944.13","19,794.23","19,946.14","19,722.04","","0.73%"
"18‏/09‏/2025","19,799.08","19,585.94","19,799.99","19,585.94","","1.09%"
"17‏/09‏/2025","19,586.46","19,646.05","19,709.04","19,585.38","","-0.30%"
"16‏/09‏/2025","19,646.32","19,597.06","19,749.70","19,596.76","","0.19%"
"15‏/09‏/2025","19,609.77","19,828.99","19,926.61","19,609.77","","-1.11%"
"12‏/09‏/2025","19,828.99","19,873.73","19,954.00","19,824.35","","-0.23%"
"11‏/09‏/2025","19,873.73","19,842.32","19,978.58","19,832.77","","0.16%"
"10‏/09‏/2025","19,842.32","19,521.30","19,903.16","19,521.30","","1.64%"
"09‏/09‏/2025","19,521.30","20,040.46","20,065.52","19,521.16","","-2.59%"
"08‏/09‏/2025","20,040.46","20,086.49","20,141.03","20,008.53","","-0.24%"
"04‏/09‏/2025","20,088.14","20,146.13","20,264.26","20,085.27","","-0.29%"
"03‏/09‏/2025","20,146.13","20,118.53","20,232.31","20,096.88","","0.14%"
"02‏/09‏/2025","20,118.53","20,071.84","20,170.55","19,993.50","","0.23%"
"01‏/09‏/2025","20,071.84","20,037.32","20,155.97","19,978.55","","0.08%"
"29‏/08‏/2025","20,054.88","20,138.22","20,223.06","20,042.19","","-0.41%"
"28‏/08‏/2025","20,138.22","20,233.50","20,340.23","20,133.01","","-0.47%"
"27‏/08‏/2025","20,233.50","20,064.60","20,237.01","20,052.64","","0.84%"
"26‏/08‏/2025","20,065.36","19,997.35","20,133.46","19,971.95","","0.34%"
"25‏/08‏/2025","19,997.35","19,979.97","20,035.16","19,786.28","","0.08%"
"22‏/08‏/2025","19,982.27","19,619.56","19,982.71","19,619.56","","1.85%"
"19‏/08‏/2025","19,619.56","19,745.09","19,747.35","19,619.47","","-0.64%"
"18‏/08‏/2025","19,745.09","19,845.09","19,846.77","19,721.94","","-0.50%"
"15‏/08‏/2025","19,845.09","19,858.63","19,953.35","19,792.00","","-0.07%"
"13‏/08‏/2025","19,858.63","19,883.67","19,967.91","19,845.14","","-0.13%"
"12‏/08‏/2025","19,883.67","19,843.44","19,926.99","19,828.76","","0.20%"
"11‏/08‏/2025","19,843.44","19,818.76","19,967.73","19,818.24","","0.12%"
"08‏/08‏/2025","19,818.76","19,779.01","19,915.16","19,779.01","","0.20%"
"07‏/08‏/2025","19,779.01","19,684.96","19,839.15","19,680.71","","0.48%"
"06‏/08‏/2025","19,684.96","19,575.76","19,689.89","19,567.69","","0.56%"
"05‏/08‏/2025","19,575.76","19,547.29","19,637.05","19,538.69","","0.15%"
"04‏/08‏/2025","19,547.29","19,562.64","19,590.82","19,433.67","","-0.12%"
"01‏/08‏/2025","19,570.63","19,634.87","19,768.92","19,500.57","","-0.33%"
"31‏/07‏/2025","19,634.87","19,446.17","19,674.84","19,442.72","","0.97%"
"29‏/07‏/2025","19,446.17","19,313.45","19,495.55","19,313.45","","0.69%"
"28‏/07‏/2025","19,313.45","19,404.79","19,420.78","19,283.62","","-0.47%"
"25‏/07‏/2025","19,404.79","19,266.33","19,404.79","19,259.25","","0.72%"
"24‏/07‏/2025","19,266.33","19,080.31","19,276.49","19,074.88","","0.95%"
"23‏/07‏/2025","19,085.27","19,191.50","19,208.57","19,055.38","","-0.56%"
"22‏/07‏/2025","19,192.56","19,176.04","19,208.20","19,091.14","","0.09%"
"21‏/07‏/2025","19,176.04","19,128.47","19,249.31","19,096.86","","0.04%"
"18‏/07‏/2025","19,168.83","18,899.90","19,179.38","18,810.74","","1.30%"
"17‏/07‏/2025","18,922.52","18,800.94","18,922.52","18,698.34","","0.56%"
"16‏/07‏/2025","18,818.05","18,821.92","18,866.63","18,734.59","","-0.03%"
"15‏/07‏/2025","18,824.28","18,888.84","18,901.77","18,792.74","","-0.51%"
"14‏/07‏/2025","18,920.24","18,998.71","18,998.71","18,828.61","","-0.41%"
"11‏/07‏/2025","18,998.71","18,840.29","19,003.89","18,834.61","","0.84%"
"10‏/07‏/2025","18,841.28","18,801.85","18,894.26","18,729.78","","0.07%"
"09‏/07‏/2025","18,827.19","18,842.66","18,842.66","18,745.88","","-0.09%"
"08‏/07‏/2025","18,843.47","18,808.50","18,846.60","18,724.12","","0.19%"
"07‏/07‏/2025","18,808.50","18,648.61","18,808.50","18,510.21","","0.86%"
"04‏/07‏/2025","18,648.61","18,590.45","18,649.64","18,499.20","","0.31%"
"03‏/07‏/2025","18,590.45","18,517.45","18,617.25","18,489.77","","0.39%"
"02‏/07‏/2025","18,517.45","18,411.21","18,541.81","18,379.82","","0.58%"
"01‏/07‏/2025","18,411.21","18,288.58","18,411.21","18,253.69","","0.63%"
"30‏/06‏/2025","18,296.60","18,452.08","18,473.95","18,291.09","","-0.97%"
"26‏/06‏/2025","18,474.97","18,405.66","18,511.77","18,382.18","","0.38%"
"25‏/06‏/2025","18,405.66","18,224.19","18,407.38","18,215.33","","1.00%"
"24‏/06‏/2025","18,224.19","17,754.25","18,332.92","17,743.39","","2.65%"
"23‏/06‏/2025","17,754.25","17,957.33","17,957.33","17,720.26","","-1.13%"
"20‏/06‏/2025","17,957.33","17,625.01","17,995.65","17,623.16","","1.88%"
"19‏/06‏/2025","17,626.43","17,854.61","17,854.61","17,461.20","","-1.34%"
"18‏/06‏/2025","17,865.27","18,078.13","18,082.19","17,840.64","","-1.18%"
"17‏/06‏/2025","18,078.62","18,169.03","18,198.70","18,071.45","","-0.55%"
"16‏/06‏/2025","18,178.61","18,414.16","18,424.16","18,041.25","","-1.30%"
"13‏/06‏/2025","18,417.52","18,492.40","18,492.40","18,019.19","","-0.63%"
"12‏/06‏/2025","18,533.85","18,654.87","18,656.01","18,516.25","","-0.65%"
"11‏/06‏/2025","18,655.90","18,631.68","18,733.99","18,605.24","","0.07%"
"10‏/06‏/2025","18,643.33","18,553.17","18,727.00","18,552.51","","0.44%"
"06‏/06‏/2025","18,562.47","18,689.07","18,784.09","18,547.87","","-0.68%"
"05‏/06‏/2025","18,690.36","18,648.49","18,927.07","18,648.49","","0.22%"
"04‏/06‏/2025","18,648.49","18,325.68","18,683.67","18,325.68","","1.76%"
"03‏/06‏/2025","18,325.68","18,193.20","18,364.09","18,193.20","","0.73%"
"02‏/06‏/2025","18,193.20","17,976.11","18,193.20","17,976.11","","1.21%"
"30‏/05‏/2025","17,976.11","17,920.91","18,007.44","17,898.51","","0.31%"
"29‏/05‏/2025","17,920.91","17,996.58","18,031.23","17,911.05","","-0.42%"
"28‏/05‏/2025","17,996.58","18,050.20","18,119.86","17,979.96","","-0.30%"
"27‏/05‏/2025","18,050.20","17,979.11","18,173.53","17,979.11","","-0.09%"
"26‏/05‏/2025","18,066.70","18,112.39","18,152.62","18,065.49","","-0.25%"
"23‏/05‏/2025","18,112.39","18,131.60","18,248.79","18,108.49","","-0.11%"
"22‏/05‏/2025","18,131.60","18,025.14","18,207.93","18,015.38","","0.59%"
"21‏/05‏/2025","18,025.57","18,058.21","18,133.81","17,984.30","","-0.18%"
"20‏/05‏/2025","18,058.21","17,871.76","18,085.17","17,861.98","","1.04%"
"19‏/05‏/2025","17,871.76","17,772.15","17,876.24","17,772.15","","0.56%"
"16‏/05‏/2025","17,772.15","17,996.73","18,063.08","17,772.15","","-1.25%"
"15‏/05‏/2025","17,996.73","18,010.21","18,027.08","17,950.66","","-0.07%"
"14‏/05‏/2025","18,010.21","18,066.76","18,117.48","18,005.45","","-0.31%"
"13‏/05‏/2025","18,066.76","18,033.08","18,093.91","18,019.39","","0.19%"
"12‏/05‏/2025","18,033.08","17,765.30","18,086.00","17,765.30","","1.51%"
"09‏/05‏/2025","17,765.30","17,595.84","17,788.87","17,567.46","","0.96%"
"08‏/05‏/2025","17,595.84","17,611.85","17,651.67","17,569.70","","-0.09%"
"07‏/05‏/2025","17,611.85","17,566.60","17,647.68","17,562.48","","0.26%"
"06‏/05‏/2025","17,566.60","17,437.22","17,589.00","17,436.23","","0.74%"
"05‏/05‏/2025","17,437.22","17,508.82","17,511.22","17,396.23","","-0.41%"
"02‏/05‏/2025","17,508.82","17,390.38","17,508.82","17,390.38","","0.68%"
"30‏/04‏/2025","17,390.38","17,371.80","17,478.80","17,364.90","","0.11%"
"29‏/04‏/2025","17,371.80","17,443.27","17,467.04","17,362.94","","-0.41%"
"28‏/04‏/2025","17,443.27","17,319.69","17,450.47","17,308.86","","0.71%"
"25‏/04‏/2025","17,319.69","17,299.38","17,352.87","17,297.67","","0.12%"
"24‏/04‏/2025","17,299.38","17,223.88","17,330.13","17,223.88","","0.44%"
"23‏/04‏/2025","17,223.88","17,205.43","17,315.96","17,190.67","","0.11%"
"22‏/04‏/2025","17,205.43","17,268.91","17,299.17","17,203.44","","-0.37%"
"21‏/04‏/2025","17,268.91","17,243.69","17,313.08","17,218.29","","0.15%"
"18‏/04‏/2025","17,243.69","17,175.03","17,268.08","17,169.62","","0.40%"
"17‏/04‏/2025","17,175.48","17,124.13","17,302.79","17,124.13","","0.30%"
"16‏/04‏/2025","17,124.13","17,056.95","17,216.28","17,056.95","","0.39%"
"15‏/04‏/2025","17,056.95","16,579.84","17,064.89","16,579.84","","2.88%"
"14‏/04‏/2025","16,579.84","16,070.49","16,579.84","16,070.49","","3.17%"
"11‏/04‏/2025","16,070.49","16,377.53","16,554.30","16,064.89","","-1.87%"
"10‏/04‏/2025","16,377.53","16,027.71","17,004.06","16,027.71","","2.18%"
"09‏/04‏/2025","16,027.71","16,479.06","16,482.74","16,006.92","","-2.74%"
"08‏/04‏/2025","16,479.06","16,260.30","16,788.55","16,259.42","","1.35%"
"07‏/04‏/2025","16,260.30","17,232.49","17,233.40","16,193.78","","-5.64%"
"04‏/04‏/2025","17,232.49","17,258.37","17,417.14","17,194.79","","-0.15%"
"03‏/04‏/2025","17,258.37","17,675.36","17,683.77","17,258.37","","-2.36%"
"02‏/04‏/2025","17,675.36","17,756.02","17,938.77","17,649.27","","-0.45%"
"28‏/03‏/2025","17,756.02","17,591.12","17,831.49","17,581.34","","0.94%"
"27‏/03‏/2025","17,591.12","17,567.95","17,631.49","17,438.63","","0.13%"
"26‏/03‏/2025","17,567.95","17,677.83","17,789.46","17,567.95","","-0.62%"
"25‏/03‏/2025","17,677.83","17,846.02","17,964.66","17,677.83","","-1.01%"
"24‏/03‏/2025","17,858.90","17,621.40","17,861.23","17,589.38","","1.35%"
"21‏/03‏/2025","17,621.40","17,366.13","17,621.40","17,346.00","","1.47%"
"20‏/03‏/2025","17,366.13","17,193.01","17,381.03","17,173.86","","1.01%"
"19‏/03‏/2025","17,193.01","16,839.13","17,209.70","16,839.13","","2.10%"
"18‏/03‏/2025","16,839.13","16,676.30","16,845.61","16,675.09","","0.98%"
"17‏/03‏/2025","16,676.30","16,613.70","16,704.84","16,613.70","","0.38%"
"14‏/03‏/2025","16,613.70","16,490.00","16,614.91","16,489.65","","0.75%"
"13‏/03‏/2025","16,490.00","16,294.13","16,514.16","16,285.64","","1.20%"
"12‏/03‏/2025","16,294.13","16,476.44","16,562.53","16,243.11","","-1.11%"
"11‏/03‏/2025","16,476.44","16,583.26","16,627.88","16,474.33","","-0.64%"
"10‏/03‏/2025","16,583.26","16,609.78","16,692.66","16,573.70","","-0.16%"
"07‏/03‏/2025","16,609.78","16,570.88","16,674.62","16,551.73","","0.23%"
"06‏/03‏/2025","16,570.88","16,623.95","16,705.18","16,563.35","","-0.32%"
"05‏/03‏/2025","16,623.95","16,707.30","16,746.99","16,622.14","","-0.50%"
"04‏/03‏/2025","16,707.30","16,792.12","16,860.11","16,707.30","","-0.51%"
"03‏/03‏/2025","16,792.12","16,723.79","16,887.21","16,720.47","","0.41%"
"28‏/02‏/2025","16,723.79","16,927.28","16,987.23","16,695.04","","-1.20%"
"27‏/02‏/2025","16,927.28","17,086.65","17,213.10","16,926.80","","-0.93%"
"26‏/02‏/2025","17,086.65","16,937.67","17,217.42","16,933.58","","0.88%"
"25‏/02‏/2025","16,937.67","16,913.19","17,044.34","16,911.26","","0.14%"
"24‏/02‏/2025","16,913.19","16,843.03","16,974.42","16,842.74","","0.42%"
"21‏/02‏/2025","16,843.03","16,952.65","17,120.60","16,786.58","","-0.65%"
"20‏/02‏/2025","16,952.65","16,869.61","16,971.11","16,861.19","","0.49%"
"19‏/02‏/2025","16,869.61","16,706.70","16,869.61","16,706.70","","0.98%"
"18‏/02‏/2025","16,706.70","16,644.62","16,756.28","16,642.43","","0.37%"
"17‏/02‏/2025","16,644.62","16,452.23","16,645.12","16,452.22","","1.17%"
"14‏/02‏/2025","16,452.23","16,397.54","16,463.47","16,394.29","","0.33%"
"13‏/02‏/2025","16,397.54","16,393.13","16,513.39","16,393.13","","0.03%"
"12‏/02‏/2025","16,393.13","16,272.94","16,457.29","16,252.67","","0.74%"
"11‏/02‏/2025","16,272.94","16,348.72","16,373.11","16,260.15","","-0.46%"
"10‏/02‏/2025","16,348.72","16,325.77","16,352.51","16,262.99","","0.14%"
"07‏/02‏/2025","16,325.77","16,326.12","16,363.33","16,266.52","","0.00%"
"06‏/02‏/2025","16,326.12","16,217.65","16,326.12","16,213.04","","0.67%"
"05‏/02‏/2025","16,217.65","16,246.33","16,345.11","16,199.00","","-0.18%"
"04‏/02‏/2025","16,246.33","16,208.87","16,282.07","16,197.72","","0.23%"
"03‏/02‏/2025","16,208.87","16,248.20","16,310.79","16,198.98","","-0.24%"
"31‏/01‏/2025","16,248.20","16,344.54","16,446.14","16,242.48","","-0.59%"
"30‏/01‏/2025","16,344.54","16,106.61","16,406.92","16,106.61","","1.48%"
"29‏/01‏/2025","16,106.61","15,912.73","16,109.25","15,907.56","","1.22%"
"28‏/01‏/2025","15,912.73","15,886.27","15,971.35","15,881.75","","0.17%"
"27‏/01‏/2025","15,886.27","15,882.04","15,951.73","15,882.04","","0.03%"
"24‏/01‏/2025","15,882.04","15,828.03","15,944.07","15,828.03","","0.34%"
"23‏/01‏/2025","15,828.03","15,775.63","15,876.74","15,763.09","","0.33%"
"22‏/01‏/2025","15,775.63","15,768.92","15,819.90","15,706.53","","0.04%"
"21‏/01‏/2025","15,768.92","15,969.02","16,030.23","15,764.89","","-1.25%"
"20‏/01‏/2025","15,969.02","16,021.76","16,123.59","15,969.02","","-0.33%"
"17‏/01‏/2025","16,021.76","16,080.93","16,137.29","16,021.76","","-0.37%"
"16‏/01‏/2025","16,080.93","16,079.69","16,211.52","16,073.54","","0.01%"
"15‏/01‏/2025","16,079.69","15,912.65","16,087.63","15,912.65","","1.05%"
"13‏/01‏/2025","15,912.65","15,875.76","15,966.87","15,790.89","","0.23%"
"10‏/01‏/2025","15,875.76","15,845.63","16,003.22","15,823.94","","0.19%"
"09‏/01‏/2025","15,845.63","15,723.69","16,070.66","15,723.69","","0.78%"
"08‏/01‏/2025","15,723.69","15,529.16","15,815.13","15,529.16","","1.25%"
"07‏/01‏/2025","15,529.16","15,559.07","15,563.22","15,446.33","","-0.19%"
"06‏/01‏/2025","15,559.07","15,516.30","15,687.35","15,516.30","","0.28%"
"03‏/01‏/2025","15,516.30","15,087.26","15,516.30","15,087.26","","2.84%"
"02‏/01‏/2025","15,087.26","14,773.19","15,125.77","14,764.86","","2.13%"
"31‏/12‏/2024","14,773.19","14,719.22","14,797.08","14,719.15","","0.37%"
"30‏/12‏/2024","14,719.22","14,648.53","14,752.99","14,620.87","","0.48%"
"27‏/12‏/2024","14,648.53","14,654.88","14,699.39","14,595.38","","-0.04%"
"26‏/12‏/2024","14,654.88","14,611.23","14,698.38","14,611.23","","0.30%"
"25‏/12‏/2024","14,611.23","14,634.58","14,686.28","14,596.95","","-0.16%"
"24‏/12‏/2024","14,634.58","14,720.44","14,762.79","14,621.77","","-0.58%"
"23‏/12‏/2024","14,720.44","14,721.45","14,776.54","14,680.37","","-0.01%"
"20‏/12‏/2024","14,721.45","14,724.00","14,767.36","14,666.65","","-0.02%"
"19‏/12‏/2024","14,724.00","14,769.95","14,851.09","14,711.98","","-0.31%"
"18‏/12‏/2024","14,769.95","14,775.40","14,843.77","14,769.95","","-0.04%"
"17‏/12‏/2024","14,775.40","14,703.51","14,929.68","14,703.07","","0.49%"
"16‏/12‏/2024","14,703.51","14,704.81","14,794.00","14,682.63","","-0.01%"
"13‏/12‏/2024","14,704.81","14,677.92","14,730.27","14,651.35","","0.18%"
"12‏/12‏/2024","14,677.92","14,698.63","14,768.01","14,664.40","","-0.14%"
"11‏/12‏/2024","14,698.63","14,694.49","14,762.27","14,657.57","","0.03%"
"10‏/12‏/2024","14,694.94","14,798.42","14,819.03","14,692.31","","-0.70%"
"09‏/12‏/2024","14,798.42","14,762.43","14,798.42","14,722.49","","0.24%"
"06‏/12‏/2024","14,762.43","14,881.52","14,889.84","14,744.53","","-0.80%"
"05‏/12‏/2024","14,881.52","14,749.59","14,883.79","14,720.33","","0.89%"
"04‏/12‏/2024","14,749.59","14,728.12","14,805.96","14,706.89","","0.15%"
"03‏/12‏/2024","14,728.12","14,718.91","14,756.72","14,689.92","","0.06%"
"02‏/12‏/2024","14,718.91","14,837.22","14,853.29","14,710.72","","-0.80%"
"29‏/11‏/2024","14,837.22","14,888.31","14,946.22","14,822.59","","-0.34%"
"28‏/11‏/2024","14,888.31","14,901.08","14,964.95","14,860.24","","-0.09%"
"27‏/11‏/2024","14,901.08","14,811.74","14,904.04","14,791.26","","0.60%"
"26‏/11‏/2024","14,811.74","14,718.68","14,842.40","14,718.68","","0.63%"
"25‏/11‏/2024","14,718.68","14,886.65","14,940.51","14,687.03","","-1.13%"
"22‏/11‏/2024","14,886.65","14,868.14","14,897.19","14,841.27","","0.12%"
"21‏/11‏/2024","14,868.14","14,986.56","15,048.73","14,868.14","","-0.79%"
"20‏/11‏/2024","14,986.56","14,976.79","15,050.12","14,958.70","","0.07%"
"19‏/11‏/2024","14,976.79","14,862.45","15,015.68","14,856.32","","0.77%"
"15‏/11‏/2024","14,862.45","14,751.03","14,881.50","14,731.03","","0.76%"
"14‏/11‏/2024","14,751.03","14,678.10","14,769.65","14,678.10","","0.50%"
"13‏/11‏/2024","14,678.10","14,650.02","14,742.72","14,612.38","","0.19%"
"12‏/11‏/2024","14,650.02","14,691.26","14,765.94","14,634.02","","-0.28%"
"11‏/11‏/2024","14,691.26","14,663.22","14,714.95","14,646.44","","0.19%"
"08‏/11‏/2024","14,663.22","14,487.67","14,699.28","14,483.64","","1.21%"
"07‏/11‏/2024","14,487.67","14,296.93","14,503.68","14,296.93","","1.33%"
"05‏/11‏/2024","14,296.93","14,300.12","14,335.69","14,260.02","","-0.02%"
"04‏/11‏/2024","14,300.12","14,269.96","14,300.12","14,219.39","","0.21%"
"01‏/11‏/2024","14,269.96","14,168.10","14,269.96","14,168.10","","0.72%"
"31‏/10‏/2024","14,168.10","14,182.32","14,214.06","14,163.09","","-0.10%"
"30‏/10‏/2024","14,182.32","14,247.73","14,291.15","14,175.02","","-0.46%"
"29‏/10‏/2024","14,247.73","14,211.68","14,270.89","14,182.54","","0.25%"
"28‏/10‏/2024","14,211.68","14,181.53","14,283.05","14,179.42","","0.21%"
"25‏/10‏/2024","14,181.53","14,138.37","14,195.21","14,118.42","","0.31%"
"24‏/10‏/2024","14,138.37","14,118.36","14,175.61","14,105.92","","0.14%"
"23‏/10‏/2024","14,118.36","14,085.27","14,126.57","14,029.16","","0.23%"
"22‏/10‏/2024","14,085.27","14,080.13","14,096.05","14,021.09","","0.04%"
"21‏/10‏/2024","14,080.13","14,080.57","14,143.88","14,054.96","","0.00%"
"18‏/10‏/2024","14,080.57","14,125.25","14,219.87","14,054.98","","-0.32%"
"17‏/10‏/2024","14,125.25","13,834.74","14,125.25","13,833.55","","2.10%"
"16‏/10‏/2024","13,834.74","13,939.72","13,941.55","13,795.07","","-0.75%"
"15‏/10‏/2024","13,939.72","14,048.66","14,057.34","13,935.90","","-0.78%"
"14‏/10‏/2024","14,048.66","14,101.61","14,170.38","14,029.90","","-0.38%"
"11‏/10‏/2024","14,101.61","14,102.73","14,110.60","14,046.78","","-0.01%"
"10‏/10‏/2024","14,102.73","14,148.99","14,202.03","14,096.07","","-0.33%"
"09‏/10‏/2024","14,148.99","14,019.63","14,161.17","14,019.63","","0.92%"
"08‏/10‏/2024","14,019.63","14,156.87","14,169.93","14,019.63","","-0.97%"
"07‏/10‏/2024","14,156.87","14,167.03","14,220.98","14,139.54","","-0.07%"
"04‏/10‏/2024","14,167.03","14,154.97","14,239.63","14,152.11","","0.09%"
"03‏/10‏/2024","14,154.97","14,024.58","14,190.07","14,024.58","","0.93%"
"02‏/10‏/2024","14,024.58","14,201.37","14,224.82","13,959.67","","-1.24%"
"01‏/10‏/2024","14,201.37","14,372.84","14,441.89","14,196.22","","-1.19%"
"30‏/09‏/2024","14,372.84","14,449.05","14,519.38","14,372.84","","-0.53%"
"27‏/09‏/2024","14,449.05","14,370.64","14,463.48","14,359.99","","0.55%"
"26‏/09‏/2024","14,370.64","14,282.71","14,391.79","14,281.39","","0.62%"
"25‏/09‏/2024","14,282.71","14,193.30","14,286.74","14,193.30","","0.63%"
"24‏/09‏/2024","14,193.30","14,269.55","14,409.24","14,183.46","","-0.53%"
"23‏/09‏/2024","14,269.55","14,246.86","14,290.89","14,201.40","","0.16%"
"20‏/09‏/2024","14,246.86","14,184.33","14,283.90","14,184.33","","0.44%"
"19‏/09‏/2024","14,184.33","14,087.58","14,230.18","14,087.58","","0.68%"
"18‏/09‏/2024","14,088.04","13,998.63","14,092.34","13,961.29","","0.64%"
"13‏/09‏/2024","13,998.92","13,884.63","13,999.11","13,867.15","","0.82%"
"12‏/09‏/2024","13,884.63","13,926.19","13,988.56","13,884.55","","-0.30%"
"11‏/09‏/2024","13,926.19","13,950.06","13,964.25","13,876.96","","-0.17%"
"10‏/09‏/2024","13,950.06","13,981.34","14,048.85","13,950.06","","-0.23%"
"09‏/09‏/2024","13,981.68","13,911.18","13,990.58","13,904.21","","0.51%"
"06‏/09‏/2024","13,911.35","13,906.42","13,962.08","13,902.56","","0.04%"
"05‏/09‏/2024","13,906.42","13,847.78","13,940.58","13,847.78","","0.42%"
"04‏/09‏/2024","13,847.78","13,895.68","13,907.86","13,845.94","","-0.34%"
"03‏/09‏/2024","13,895.68","13,912.60","13,997.00","13,889.20","","-0.52%"
"02‏/09‏/2024","13,968.21","13,933.46","13,978.60","13,876.06","","0.25%"
"30‏/08‏/2024","13,933.46","13,935.08","14,020.19","13,927.46","","-0.01%"
"29‏/08‏/2024","13,935.08","13,908.54","14,018.08","13,902.57","","0.19%"
"28‏/08‏/2024","13,908.54","13,878.40","13,963.00","13,874.26","","0.22%"
"27‏/08‏/2024","13,878.40","13,930.79","13,983.70","13,878.36","","-0.38%"
"26‏/08‏/2024","13,930.79","13,954.07","13,978.29","13,923.34","","-0.17%"
"23‏/08‏/2024","13,954.07","13,928.12","13,984.12","13,893.90","","0.19%"
"22‏/08‏/2024","13,928.12","13,912.00","13,974.98","13,897.90","","0.10%"
"19‏/08‏/2024","13,914.33","13,895.42","13,921.31","13,809.95","","0.14%"
"16‏/08‏/2024","13,895.42","13,873.16","13,912.07","13,803.94","","0.16%"
"15‏/08‏/2024","13,873.16","13,820.07","13,877.62","13,788.28","","0.38%"
"13‏/08‏/2024","13,820.07","13,782.50","13,847.11","13,774.79","","0.27%"
"12‏/08‏/2024","13,782.50","13,792.96","13,848.17","13,764.93","","-0.08%"
"09‏/08‏/2024","13,792.96","13,798.10","13,804.43","13,745.22","","-0.04%"
"08‏/08‏/2024","13,798.10","13,781.04","13,798.11","13,743.07","","0.12%"
"07‏/08‏/2024","13,781.04","13,805.26","13,845.92","13,771.30","","-0.18%"
"06‏/08‏/2024","13,805.26","13,601.66","13,813.14","13,569.75","","1.49%"
"05‏/08‏/2024","13,602.42","14,001.09","14,001.39","13,527.31","","-2.85%"
"02‏/08‏/2024","14,001.09","13,977.97","14,032.60","13,917.43","","0.17%"
"01‏/08‏/2024","13,977.97","13,983.40","14,012.19","13,914.08","","-0.05%"
"31‏/07‏/2024","13,984.33","13,902.88","14,129.82","13,902.88","","0.57%"
"29‏/07‏/2024","13,905.07","13,773.16","13,910.80","13,773.16","","0.96%"
"26‏/07‏/2024","13,773.16","13,660.65","13,804.64","13,660.65","","0.82%"
"25‏/07‏/2024","13,660.65","13,641.18","13,709.23","13,561.82","","0.14%"
"24‏/07‏/2024","13,641.18","13,586.82","13,705.54","13,586.82","","0.28%"
"23‏/07‏/2024","13,602.92","13,609.34","13,648.17","13,580.23","","-0.05%"
"22‏/07‏/2024","13,609.34","13,623.01","13,652.15","13,592.95","","-0.10%"
"19‏/07‏/2024","13,623.01","13,566.00","13,666.34","13,553.43","","0.20%"
"18‏/07‏/2024","13,595.96","13,574.81","13,624.07","13,539.95","","0.08%"
"17‏/07‏/2024","13,585.39","13,434.74","13,585.43","13,427.59","","0.96%"
"16‏/07‏/2024","13,456.34","13,432.16","13,483.35","13,422.03","","0.17%"
"15‏/07‏/2024","13,433.94","13,515.20","13,521.25","13,428.75","","-0.61%"
"12‏/07‏/2024","13,516.89","13,426.60","13,516.89","13,368.02","","0.62%"
"11‏/07‏/2024","13,433.97","13,330.44","13,433.97","13,296.10","","0.55%"
"10‏/07‏/2024","13,360.07","13,267.59","13,393.69","13,264.71","","0.09%"
"09‏/07‏/2024","13,348.65","13,346.01","13,363.05","13,273.39","","-0.07%"
"08‏/07‏/2024","13,357.79","13,367.73","13,367.73","13,300.80","","-0.07%"
"05‏/07‏/2024","13,367.73","13,295.62","13,368.63","13,245.39","","0.54%"
"04‏/07‏/2024","13,295.62","13,208.62","13,319.49","13,170.42","","0.66%"
"03‏/07‏/2024","13,208.62","13,245.01","13,252.49","13,118.39","","-0.27%"
"02‏/07‏/2024","13,245.01","13,280.98","13,280.98","13,196.97","","-0.44%"
"01‏/07‏/2024","13,303.38","13,301.37","13,341.43","13,284.58","","0.02%"
"28‏/06‏/2024","13,301.37","13,318.19","13,347.41","13,289.10","","-0.13%"
"27‏/06‏/2024","13,318.19","13,350.33","13,352.67","13,285.85","","-0.28%"
"26‏/06‏/2024","13,356.07","13,408.42","13,447.20","13,344.76","","-0.40%"
"25‏/06‏/2024","13,409.92","13,123.76","13,444.52","13,122.14","","2.17%"
"24‏/06‏/2024","13,125.47","13,140.91","13,173.58","13,123.99","","-0.12%"
"21‏/06‏/2024","13,140.91","13,137.22","13,188.71","13,136.65","","0.02%"
"20‏/06‏/2024","13,138.13","13,158.40","13,195.92","13,135.12","","-0.39%"
"19‏/06‏/2024","13,188.96","13,156.66","13,255.67","13,156.66","","0.20%"
"14‏/06‏/2024","13,162.23","13,188.79","13,213.08","13,159.02","","-0.20%"
"13‏/06‏/2024","13,188.79","13,162.89","13,211.97","13,158.00","","0.20%"
"12‏/06‏/2024","13,162.89","13,186.16","13,209.32","13,154.49","","-0.18%"
"11‏/06‏/2024","13,186.16","13,142.58","13,209.85","13,142.58","","0.21%"
"10‏/06‏/2024","13,159.07","13,197.04","13,231.91","13,155.83","","-0.29%"
"07‏/06‏/2024","13,197.04","13,243.90","13,277.84","13,190.79","","-0.35%"
"06‏/06‏/2024","13,243.90","13,011.49","13,245.17","13,011.49","","1.46%"
"05‏/06‏/2024","13,053.28","13,238.72","13,247.64","13,053.28","","-1.40%"
"04‏/06‏/2024","13,238.72","13,314.09","13,345.50","13,236.05","","-0.57%"
"03‏/06‏/2024","13,314.09","13,310.40","13,368.51","13,310.40","","0.03%"
"31‏/05‏/2024","13,310.40","13,313.64","13,338.80","13,291.30","","-0.02%"
"30‏/05‏/2024","13,313.64","13,347.62","13,383.51","13,313.64","","-0.25%"
"29‏/05‏/2024","13,347.62","13,374.25","13,411.53","13,330.24","","-0.20%"
"28‏/05‏/2024","13,374.25","13,326.59","13,418.73","13,323.96","","0.36%"
"27‏/05‏/2024","13,326.59","13,369.39","13,386.26","13,318.47","","-0.33%"
"24‏/05‏/2024","13,370.70","13,375.53","13,382.64","13,314.22","","-0.04%"
"23‏/05‏/2024","13,375.53","13,391.68","13,478.67","13,373.88","","-0.12%"
"22‏/05‏/2024","13,392.04","13,426.85","13,463.31","13,380.02","","-0.26%"
"21‏/05‏/2024","13,426.85","13,444.34","13,495.27","13,406.36","","-0.13%"
"20‏/05‏/2024","13,444.34","13,426.13","13,495.18","13,405.53","","0.14%"
"17‏/05‏/2024","13,426.13","13,411.39","13,427.56","13,389.76","","0.11%"
"16‏/05‏/2024","13,411.39","13,421.40","13,455.44","13,399.26","","-0.07%"
"15‏/05‏/2024","13,421.40","13,501.46","13,521.37","13,421.40","","-0.59%"
"14‏/05‏/2024","13,501.46","13,541.33","13,572.97","13,490.42","","-0.29%"
"13‏/05‏/2024","13,541.33","13,527.01","13,589.67","13,526.28","","0.11%"
"10‏/05‏/2024","13,527.01","13,478.23","13,555.54","13,476.07","","0.36%"
"09‏/05‏/2024","13,478.23","13,418.67","13,490.24","13,396.93","","0.44%"
"08‏/05‏/2024","13,418.67","13,375.47","13,429.43","13,375.47","","0.32%"
"07‏/05‏/2024","13,375.47","13,362.48","13,382.47","13,322.88","","0.10%"
"06‏/05‏/2024","13,362.48","13,403.47","13,415.74","13,279.15","","-0.31%"
"03‏/05‏/2024","13,403.47","13,322.85","13,432.00","13,322.85","","0.61%"
"02‏/05‏/2024","13,322.85","13,319.36","13,387.01","13,296.93","","0.03%"
"30‏/04‏/2024","13,319.36","13,373.90","13,373.90","13,306.52","","-0.41%"
"29‏/04‏/2024","13,373.90","13,354.97","13,422.67","13,337.33","","0.14%"
"26‏/04‏/2024","13,354.97","13,346.81","13,361.90","13,279.77","","0.06%"
"25‏/04‏/2024","13,346.81","13,281.24","13,347.19","13,280.70","","0.49%"
"24‏/04‏/2024","13,281.24","13,246.66","13,312.37","13,244.13","","0.26%"
"23‏/04‏/2024","13,246.66","13,302.28","13,302.28","13,147.47","","-0.42%"
"22‏/04‏/2024","13,302.28","13,452.88","13,479.65","13,302.28","","-1.12%"
"19‏/04‏/2024","13,453.35","13,455.65","13,508.68","13,439.14","","-0.02%"
"18‏/04‏/2024","13,455.65","13,384.83","13,455.65","13,371.77","","0.53%"
"17‏/04‏/2024","13,384.83","13,362.33","13,433.28","13,245.64","","0.17%"
"16‏/04‏/2024","13,362.33","13,372.71","13,434.44","13,336.27","","-0.08%"
"15‏/04‏/2024","13,372.71","13,341.29","13,400.28","13,304.39","","0.24%"
"09‏/04‏/2024","13,341.29","13,219.95","13,355.73","13,212.77","","0.92%"
"08‏/04‏/2024","13,219.95","13,118.75","13,220.08","13,104.01","","0.77%"
"05‏/04‏/2024","13,118.75","13,106.43","13,131.86","13,059.82","","0.09%"
"04‏/04‏/2024","13,106.43","13,095.43","13,106.43","13,017.12","","0.08%"
"03‏/04‏/2024","13,095.43","13,053.12","13,116.23","13,050.29","","0.32%"
"02‏/04‏/2024","13,053.17","12,998.18","13,053.83","12,996.01","","0.35%"
"01‏/04‏/2024","13,007.12","13,009.23","13,058.01","12,998.94","","-0.02%"
"29‏/03‏/2024","13,009.23","12,986.94","13,030.62","12,958.12","","0.17%"
"28‏/03‏/2024","12,986.94","12,981.98","13,053.74","12,969.80","","0.04%"
"27‏/03‏/2024","12,981.98","12,938.50","12,984.29","12,926.67","","0.34%"
"26‏/03‏/2024","12,938.50","12,963.23","12,993.85","12,925.95","","-0.19%"
"25‏/03‏/2024","12,963.23","12,979.11","12,987.34","12,950.29","","-0.12%"
"22‏/03‏/2024","12,979.11","12,977.56","13,000.83","12,946.71","","0.01%"
"21‏/03‏/2024","12,977.56","12,961.87","13,005.38","12,953.79","","0.12%"
"20‏/03‏/2024","12,961.87","13,034.58","13,054.15","12,961.87","","-0.56%"
"19‏/03‏/2024","13,034.58","13,085.63","13,085.63","12,978.94","","-0.39%"
"18‏/03‏/2024","13,085.63","13,063.68","13,139.28","13,032.46","","0.17%"
"15‏/03‏/2024","13,063.68","12,968.77","13,063.68","12,963.76","","0.73%"
"14‏/03‏/2024","12,968.77","12,886.74","12,968.77","12,886.74","","0.64%"
"13‏/03‏/2024","12,886.74","12,846.52","12,891.82","12,840.91","","0.31%"
"12‏/03‏/2024","12,846.52","12,852.10","12,885.96","12,836.00","","-0.04%"
"11‏/03‏/2024","12,852.10","12,907.46","12,910.84","12,837.13","","-0.43%"
"08‏/03‏/2024","12,907.46","12,875.49","12,945.48","12,856.28","","0.25%"
"07‏/03‏/2024","12,875.49","12,935.98","12,963.46","12,874.39","","-0.47%"
"06‏/03‏/2024","12,935.98","13,002.44","13,004.40","12,913.67","","-0.51%"
"05‏/03‏/2024","13,002.44","13,001.70","13,043.53","12,919.14","","0.01%"
"04‏/03‏/2024","13,001.70","13,010.62","13,040.77","12,974.19","","-0.07%"
"01‏/03‏/2024","13,010.62","13,031.16","13,083.11","13,010.62","","-0.16%"
"29‏/02‏/2024","13,031.16","13,134.04","13,146.42","13,031.16","","-0.78%"
"28‏/02‏/2024","13,134.04","13,098.80","13,147.96","13,048.93","","0.27%"
"27‏/02‏/2024","13,098.80","13,117.08","13,125.18","13,083.28","","-0.14%"
"26‏/02‏/2024","13,117.08","13,083.17","13,119.93","13,004.21","","0.26%"
"23‏/02‏/2024","13,083.17","12,986.77","13,088.90","12,986.47","","0.74%"
"22‏/02‏/2024","12,986.77","12,961.44","13,003.39","12,960.43","","0.20%"
"21‏/02‏/2024","12,961.44","12,885.93","12,997.29","12,880.34","","0.59%"
"20‏/02‏/2024","12,885.93","12,920.11","12,936.88","12,831.34","","-0.26%"
"19‏/02‏/2024","12,920.11","12,871.28","13,005.52","12,871.28","","0.38%"
"16‏/02‏/2024","12,871.28","12,727.64","12,878.36","12,688.20","","1.13%"
"15‏/02‏/2024","12,727.64","12,753.91","12,759.78","12,704.00","","-0.21%"
"14‏/02‏/2024","12,753.91","12,698.28","12,761.11","12,698.28","","0.44%"
"13‏/02‏/2024","12,698.28","12,688.22","12,744.70","12,681.85","","0.08%"
"12‏/02‏/2024","12,688.22","12,659.81","12,716.79","12,659.81","","0.22%"
"09‏/02‏/2024","12,659.81","12,625.89","12,660.87","12,602.21","","0.27%"
"08‏/02‏/2024","12,625.89","12,549.83","12,640.08","12,544.84","","0.61%"
"07‏/02‏/2024","12,549.83","12,529.24","12,613.63","12,498.36","","0.16%"
"06‏/02‏/2024","12,529.24","12,442.57","12,529.24","12,435.28","","0.70%"
"05‏/02‏/2024","12,442.57","12,493.40","12,521.92","12,420.38","","-0.41%"
"02‏/02‏/2024","12,493.40","12,483.92","12,535.45","12,455.05","","0.08%"
"01‏/02‏/2024","12,483.92","12,465.28","12,513.32","12,445.57","","0.15%"
"31‏/01‏/2024","12,465.28","12,445.47","12,498.05","12,438.85","","0.16%"
"30‏/01‏/2024","12,445.47","12,458.14","12,568.81","12,404.31","","-0.10%"
"29‏/01‏/2024","12,458.14","12,630.78","12,711.33","12,448.97","","-1.37%"
"26‏/01‏/2024","12,630.78","12,684.76","12,715.90","12,619.20","","-0.43%"
"25‏/01‏/2024","12,684.76","12,706.90","12,714.28","12,673.14","","-0.17%"
"24‏/01‏/2024","12,706.90","12,747.30","12,770.70","12,702.89","","-0.32%"
"23‏/01‏/2024","12,747.30","12,720.69","12,783.75","12,707.14","","0.21%"
"22‏/01‏/2024","12,720.69","12,685.03","12,771.90","12,683.25","","0.28%"
"19‏/01‏/2024","12,685.03","12,627.32","12,698.75","12,623.51","","0.30%"
"18‏/01‏/2024","12,646.67","12,594.94","12,647.88","12,577.97","","0.41%"
"17‏/01‏/2024","12,594.94","12,548.37","12,603.95","12,508.23","","0.37%"
"16‏/01‏/2024","12,548.37","12,452.98","12,554.70","12,445.62","","0.77%"
"15‏/01‏/2024","12,452.98","12,501.67","12,531.46","12,445.47","","-0.39%"
"12‏/01‏/2024","12,501.67","12,480.21","12,513.59","12,474.10","","0.17%"
"10‏/01‏/2024","12,480.21","12,437.39","12,480.22","12,405.57","","0.34%"
"09‏/01‏/2024","12,437.39","12,382.02","12,437.88","12,339.16","","0.45%"
"08‏/01‏/2024","12,382.02","12,368.94","12,400.10","12,345.93","","0.11%"
"05‏/01‏/2024","12,368.94","12,280.03","12,380.75","12,260.17","","0.72%"
"04‏/01‏/2024","12,280.03","12,230.48","12,280.60","12,218.52","","0.41%"
"03‏/01‏/2024","12,230.48","12,141.70","12,230.55","12,129.30","","0.73%"
"02‏/01‏/2024","12,141.70","12,092.88","12,179.30","12,092.63","","0.40%"
"29‏/12‏/2023","12,092.88","12,046.61","12,136.22","12,045.95","","0.38%"
"28‏/12‏/2023","12,046.61","12,103.96","12,130.09","12,046.61","","-0.47%"
"27‏/12‏/2023","12,103.96","12,085.31","12,126.88","12,073.85","","0.15%"
"26‏/12‏/2023","12,085.31","12,147.19","12,181.26","12,085.31","","-0.51%"
"25‏/12‏/2023","12,147.19","12,182.10","12,220.48","12,147.19","","-0.29%"
"22‏/12‏/2023","12,182.10","12,182.82","12,245.08","12,181.58","","-0.01%"
"21‏/12‏/2023","12,182.82","12,246.01","12,265.63","12,182.82","","-0.52%"
"20‏/12‏/2023","12,246.01","12,211.46","12,273.00","12,204.50","","0.28%"
"19‏/12‏/2023","12,211.46","12,171.59","12,215.90","12,135.58","","0.33%"
"18‏/12‏/2023","12,171.59","12,126.34","12,176.88","12,119.78","","0.37%"
"15‏/12‏/2023","12,126.34","12,134.19","12,173.22","12,122.69","","-0.06%"
"14‏/12‏/2023","12,134.19","12,115.02","12,149.06","12,074.14","","0.16%"
"13‏/12‏/2023","12,115.02","11,995.29","12,155.25","11,989.70","","1.00%"
"12‏/12‏/2023","11,995.29","11,951.89","12,018.46","11,936.38","","0.36%"
"11‏/12‏/2023","11,952.37","11,885.32","11,952.37","11,863.48","","0.56%"
"08‏/12‏/2023","11,885.32","11,827.02","11,885.32","11,824.97","","0.49%"
"07‏/12‏/2023","11,827.02","11,757.60","11,827.02","11,757.60","","0.59%"
"06‏/12‏/2023","11,757.60","11,759.51","11,792.95","11,718.07","","-0.02%"
"05‏/12‏/2023","11,759.51","11,728.06","11,785.10","11,709.49","","0.27%"
"04‏/12‏/2023","11,728.06","11,748.19","11,769.43","11,702.27","","-0.17%"
"01‏/12‏/2023","11,748.19","11,781.56","11,818.46","11,731.93","","-0.28%"
"30‏/11‏/2023","11,781.56","11,784.33","11,825.18","11,754.07","","-0.02%"
"29‏/11‏/2023","11,784.33","11,775.17","11,828.51","11,759.89","","0.08%"
"28‏/11‏/2023","11,775.17","11,850.77","11,857.90","11,757.50","","-0.58%"
"27‏/11‏/2023","11,843.79","11,957.67","11,958.13","11,843.67","","-0.95%"
"24‏/11‏/2023","11,957.67","11,976.17","12,026.72","11,954.74","","-0.15%"
"23‏/11‏/2023","11,976.17","11,999.71","12,008.81","11,957.50","","-0.20%"
"22‏/11‏/2023","11,999.71","11,976.24","12,025.97","11,974.80","","0.20%"
"21‏/11‏/2023","11,976.24","11,979.47","12,000.67","11,944.18","","-0.03%"
"20‏/11‏/2023","11,979.47","11,947.56","11,981.46","11,916.97","","0.27%"
"17‏/11‏/2023","11,947.56","11,969.91","11,978.41","11,917.37","","-0.19%"
"16‏/11‏/2023","11,969.91","11,895.50","11,969.91","11,875.21","","0.63%"
"15‏/11‏/2023","11,895.50","11,973.74","11,973.74","11,874.55","","-0.65%"
"14‏/11‏/2023","11,973.74","11,971.71","11,982.92","11,900.52","","0.02%"
"13‏/11‏/2023","11,971.71","11,948.60","11,973.39","11,911.23","","0.19%"
"10‏/11‏/2023","11,948.60","11,946.92","11,950.37","11,884.44","","0.01%"
"09‏/11‏/2023","11,946.92","11,961.14","11,966.77","11,910.76","","-0.12%"
"08‏/11‏/2023","11,961.14","11,988.80","12,017.74","11,953.14","","-0.23%"
"07‏/11‏/2023","11,988.80","11,977.33","12,008.94","11,957.56","","0.10%"
"03‏/11‏/2023","11,977.33","12,007.23","12,012.86","11,943.99","","-0.25%"
"02‏/11‏/2023","12,007.23","12,029.74","12,029.74","11,927.45","","-0.19%"
"01‏/11‏/2023","12,029.74","12,021.64","12,032.26","11,918.43","","0.07%"
"31‏/10‏/2023","12,021.64","11,924.90","12,030.02","11,906.39","","0.81%"
"30‏/10‏/2023","11,924.90","11,987.77","12,023.34","11,898.30","","-0.52%"
"27‏/10‏/2023","11,987.77","12,035.24","12,035.24","11,987.59","","-0.39%"
"26‏/10‏/2023","12,035.24","12,141.63","12,172.09","12,034.98","","-0.88%"
"25‏/10‏/2023","12,141.63","12,211.87","12,215.25","12,137.51","","-0.58%"
"24‏/10‏/2023","12,211.87","12,243.53","12,243.54","12,197.47","","-0.26%"
"23‏/10‏/2023","12,243.53","12,236.22","12,243.53","12,145.01","","0.06%"
"20‏/10‏/2023","12,236.22","12,262.69","12,267.97","12,185.42","","-0.22%"
"19‏/10‏/2023","12,262.69","12,249.95","12,295.88","12,234.37","","0.10%"
"18‏/10‏/2023","12,249.95","12,136.49","12,283.52","12,131.16","","0.93%"
"17‏/10‏/2023","12,136.49","12,192.99","12,235.01","12,136.31","","-0.46%"
"16‏/10‏/2023","12,192.99","12,237.11","12,247.48","12,165.81","","-0.36%"
"13‏/10‏/2023","12,237.11","12,269.23","12,272.39","12,210.53","","-0.26%"
"12‏/10‏/2023","12,269.23","12,278.56","12,278.56","12,199.56","","-0.08%"
"11‏/10‏/2023","12,278.56","12,225.36","12,278.56","12,167.95","","0.44%"
"10‏/10‏/2023","12,225.36","12,229.44","12,252.99","12,183.17","","-0.03%"
"09‏/10‏/2023","12,229.44","12,294.36","12,305.77","12,194.59","","-0.53%"
"06‏/10‏/2023","12,294.36","12,252.30","12,552.70","12,252.30","","0.34%"
"05‏/10‏/2023","12,252.30","11,660.21","12,252.30","11,660.21","","5.08%"
"04‏/10‏/2023","11,660.21","11,715.45","11,721.58","11,621.20","","-0.47%"
"03‏/10‏/2023","11,715.45","11,789.09","11,854.75","11,705.17","","-0.62%"
"02‏/10‏/2023","11,789.09","11,865.32","11,886.54","11,785.95","","-0.64%"
"27‏/09‏/2023","11,865.32","11,853.84","11,875.39","11,772.93","","0.10%"
"26‏/09‏/2023","11,853.84","11,816.41","11,867.21","11,788.69","","0.32%"
"25‏/09‏/2023","11,816.41","11,778.13","11,816.41","11,717.12","","0.33%"
"22‏/09‏/2023","11,778.13","11,769.52","11,800.73","11,740.98","","0.07%"
"21‏/09‏/2023","11,769.52","11,772.24","11,859.31","11,763.17","","-0.02%"
"20‏/09‏/2023","11,772.24","11,799.28","11,857.04","11,771.40","","-0.23%"
"19‏/09‏/2023","11,799.28","11,807.52","11,855.29","11,754.60","","-0.07%"
"18‏/09‏/2023","11,807.52","11,768.83","11,818.34","11,752.77","","0.32%"
"15‏/09‏/2023","11,769.31","11,775.23","11,824.68","11,752.63","","-0.05%"
"14‏/09‏/2023","11,775.53","11,733.04","11,786.80","11,722.34","","0.35%"
"13‏/09‏/2023","11,734.78","11,727.34","11,797.31","11,704.49","","-0.02%"
"12‏/09‏/2023","11,736.88","11,725.83","11,822.68","11,725.83","","0.09%"
"11‏/09‏/2023","11,725.83","11,712.06","11,789.73","11,694.36","","0.11%"
"08‏/09‏/2023","11,712.37","11,752.38","11,792.74","11,707.52","","-0.34%"
"07‏/09‏/2023","11,752.38","11,745.08","11,765.22","11,737.41","","0.06%"
"06‏/09‏/2023","11,745.08","11,822.98","11,877.87","11,745.05","","-0.90%"
"05‏/09‏/2023","11,852.24","11,871.36","11,911.61","11,852.24","","-0.16%"
"04‏/09‏/2023","11,871.36","11,886.92","11,916.00","11,849.16","","-0.13%"
"01‏/09‏/2023","11,886.92","11,954.29","11,968.68","11,886.92","","-0.56%"
"31‏/08‏/2023","11,954.29","11,903.46","11,988.17","11,903.46","","0.43%"
"30‏/08‏/2023","11,903.46","11,899.92","11,938.75","11,869.76","","0.03%"
"29‏/08‏/2023","11,899.92","11,863.66","11,907.98","11,841.16","","0.31%"
"28‏/08‏/2023","11,863.66","11,897.37","11,921.23","11,857.91","","-0.29%"
"25‏/08‏/2023","11,898.62","11,876.75","11,902.98","11,833.85","","0.18%"
"24‏/08‏/2023","11,876.75","11,863.61","11,894.41","11,854.55","","0.11%"
"23‏/08‏/2023","11,863.61","11,887.79","11,892.01","11,855.18","","-0.24%"
"22‏/08‏/2023","11,891.60","11,969.75","11,988.29","11,889.60","","-0.67%"
"18‏/08‏/2023","11,971.99","11,988.62","12,011.51","11,966.53","","-0.14%"
"17‏/08‏/2023","11,988.62","12,011.59","12,011.59","11,965.89","","-0.19%"
"16‏/08‏/2023","12,011.59","12,021.95","12,022.03","11,978.72","","-0.09%"
"15‏/08‏/2023","12,021.95","12,016.87","12,047.23","12,005.21","","0.04%"
"11‏/08‏/2023","12,016.87","12,055.65","12,065.99","12,015.67","","-0.32%"
"10‏/08‏/2023","12,055.65","12,034.04","12,057.02","11,986.59","","0.18%"
"09‏/08‏/2023","12,034.04","12,074.06","12,091.20","12,034.04","","-0.33%"
"08‏/08‏/2023","12,074.06","12,083.53","12,085.69","12,019.56","","-0.08%"
"07‏/08‏/2023","12,083.53","12,106.05","12,176.00","12,079.44","","-0.19%"
"04‏/08‏/2023","12,106.05","12,142.00","12,206.66","12,105.90","","-0.30%"
"03‏/08‏/2023","12,142.00","12,203.87","12,224.23","12,140.41","","-0.51%"
"02‏/08‏/2023","12,203.87","12,131.19","12,231.76","12,119.86","","0.60%"
"01‏/08‏/2023","12,131.19","12,083.34","12,131.19","12,032.93","","0.40%"
"31‏/07‏/2023","12,083.34","12,058.66","12,083.74","12,043.54","","0.20%"
"28‏/07‏/2023","12,058.66","11,992.00","12,070.59","11,947.43","","0.54%"
"27‏/07‏/2023","11,993.58","11,832.89","11,997.16","11,828.79","","1.36%"
"26‏/07‏/2023","11,832.89","11,774.05","11,859.64","11,767.99","","0.50%"
"25‏/07‏/2023","11,774.05","11,753.68","11,774.10","11,700.24","","0.15%"
"24‏/07‏/2023","11,755.83","11,793.50","11,804.09","11,728.22","","-0.32%"
"21‏/07‏/2023","11,793.50","11,731.63","11,799.05","11,695.19","","0.49%"
"20‏/07‏/2023","11,735.54","11,684.77","11,735.54","11,683.75","","0.43%"
"18‏/07‏/2023","11,684.77","11,537.16","11,684.88","11,520.40","","1.28%"
"17‏/07‏/2023","11,537.16","11,546.96","11,564.86","11,504.19","","-0.08%"
"14‏/07‏/2023","11,546.96","11,488.31","11,548.68","11,464.68","","0.51%"
"13‏/07‏/2023","11,488.31","11,452.82","11,537.98","11,448.90","","-0.45%"
"12‏/07‏/2023","11,540.53","11,531.56","11,568.18","11,501.19","","0.07%"
"11‏/07‏/2023","11,532.99","11,544.73","11,554.29","11,509.24","","-0.12%"
"10‏/07‏/2023","11,546.59","11,575.81","11,620.52","11,546.59","","-0.25%"
"07‏/07‏/2023","11,575.81","11,621.72","11,624.46","11,526.53","","-0.40%"
"06‏/07‏/2023","11,621.72","11,616.59","11,652.35","11,596.51","","-0.48%"
"05‏/07‏/2023","11,677.95","11,599.83","11,681.39","11,596.97","","0.66%"
"04‏/07‏/2023","11,601.91","11,537.34","11,623.30","11,537.34","","0.50%"
"03‏/07‏/2023","11,544.61","11,494.06","11,580.27","11,488.74","","-0.30%"
"28‏/06‏/2023","11,579.76","11,542.87","11,646.37","11,529.24","","0.32%"
"27‏/06‏/2023","11,542.87","11,504.06","11,574.55","11,485.16","","0.34%"
"26‏/06‏/2023","11,504.06","11,537.23","11,614.63","11,483.60","","-0.29%"
"23‏/06‏/2023","11,537.23","11,474.39","11,677.18","11,474.39","","0.55%"
"22‏/06‏/2023","11,474.39","11,489.86","11,606.98","11,461.47","","-0.15%"
"21‏/06‏/2023","11,491.86","11,704.45","11,723.23","11,491.86","","-1.82%"
"20‏/06‏/2023","11,704.88","11,395.66","11,822.93","11,378.34","","2.63%"
"19‏/06‏/2023","11,404.49","11,446.81","11,476.65","11,376.68","","-0.42%"
"16‏/06‏/2023","11,452.87","11,385.36","11,462.51","11,384.02","","0.59%"
"15‏/06‏/2023","11,385.36","11,194.74","11,408.55","11,168.64","","1.69%"
"14‏/06‏/2023","11,195.69","11,056.72","11,195.83","11,056.72","","1.26%"
"13‏/06‏/2023","11,056.72","11,041.27","11,056.72","11,012.40","","0.14%"
"12‏/06‏/2023","11,041.27","11,056.65","11,059.86","10,990.53","","-0.17%"
"09‏/06‏/2023","11,060.42","11,002.85","11,060.42","11,000.17","","0.52%"
"08‏/06‏/2023","11,003.59","11,016.60","11,035.18","10,992.92","","-0.20%"
"07‏/06‏/2023","11,025.23","11,017.43","11,052.24","10,995.96","","0.07%"
"06‏/06‏/2023","11,017.43","11,045.69","11,102.83","11,014.77","","-0.31%"
"05‏/06‏/2023","11,051.91","11,150.78","11,159.62","11,043.42","","-0.89%"
"02‏/06‏/2023","11,150.78","11,016.24","11,150.78","10,982.74","","1.22%"
"01‏/06‏/2023","11,016.24","11,040.92","11,056.72","11,011.11","","-0.30%"
"31‏/05‏/2023","11,049.08","11,029.71","11,079.71","11,007.54","","0.18%"
"30‏/05‏/2023","11,029.71","11,005.83","11,071.58","10,991.39","","0.22%"
"29‏/05‏/2023","11,005.83","10,943.66","11,022.39","10,926.15","","0.57%"
"26‏/05‏/2023","10,943.66","10,813.03","10,943.87","10,780.86","","1.21%"
"25‏/05‏/2023","10,813.03","10,912.72","10,912.72","10,799.69","","-0.91%"
"24‏/05‏/2023","10,912.72","10,775.85","10,912.72","10,764.64","","1.27%"
"23‏/05‏/2023","10,775.85","10,760.76","10,801.87","10,739.37","","0.14%"
"22‏/05‏/2023","10,760.76","10,755.60","10,762.58","10,724.96","","-0.04%"
"19‏/05‏/2023","10,764.97","10,746.37","10,775.92","10,713.22","","0.17%"
"18‏/05‏/2023","10,746.37","10,777.63","10,797.83","10,715.84","","-0.29%"
"17‏/05‏/2023","10,777.63","10,804.60","10,804.60","10,751.18","","-0.25%"
"16‏/05‏/2023","10,804.60","10,743.83","10,805.90","10,700.41","","0.57%"
"15‏/05‏/2023","10,743.83","10,733.63","10,800.89","10,716.46","","0.10%"
"12‏/05‏/2023","10,733.63","10,578.97","10,734.86","10,573.78","","1.46%"
"11‏/05‏/2023","10,578.97","10,482.49","10,579.08","10,482.13","","0.92%"
"10‏/05‏/2023","10,482.49","10,409.17","10,506.62","10,409.17","","0.70%"
"09‏/05‏/2023","10,409.17","10,420.74","10,475.27","10,405.83","","-0.11%"
"08‏/05‏/2023","10,420.74","10,390.66","10,480.05","10,390.66","","0.29%"
"05‏/05‏/2023","10,390.66","10,408.41","10,454.65","10,378.37","","-0.17%"
"04‏/05‏/2023","10,408.41","10,410.67","10,411.37","10,347.00","","-0.02%"
"03‏/05‏/2023","10,410.67","10,431.19","10,436.53","10,377.63","","-0.20%"
"02‏/05‏/2023","10,431.19","10,525.17","10,563.17","10,431.19","","-0.89%"
"28‏/04‏/2023","10,525.22","10,469.77","10,525.22","10,469.58","","0.53%"
"27‏/04‏/2023","10,469.77","10,454.85","10,492.08","10,447.95","","0.14%"
"26‏/04‏/2023","10,454.85","10,499.26","10,509.56","10,418.76","","-0.42%"
"25‏/04‏/2023","10,499.26","10,494.69","10,516.93","10,483.28","","0.04%"
"21‏/04‏/2023","10,494.69","10,482.19","10,535.42","10,476.84","","0.12%"
"20‏/04‏/2023","10,482.19","10,466.76","10,524.02","10,461.94","","0.15%"
"19‏/04‏/2023","10,466.76","10,477.73","10,489.29","10,430.18","","-0.10%"
"18‏/04‏/2023","10,477.73","10,476.38","10,482.72","10,464.26","","0.00%"
"17‏/04‏/2023","10,477.34","10,470.49","10,533.98","10,461.45","","0.07%"
"14‏/04‏/2023","10,470.49","10,462.33","10,551.85","10,455.51","","0.08%"
"13‏/04‏/2023","10,462.33","10,493.74","10,525.11","10,447.00","","-0.30%"
"12‏/04‏/2023","10,493.74","10,492.80","10,508.80","10,444.24","","0.01%"
"11‏/04‏/2023","10,492.80","10,488.37","10,531.72","10,483.00","","0.04%"
"10‏/04‏/2023","10,488.37","10,461.41","10,506.47","10,447.02","","0.26%"
"07‏/04‏/2023","10,461.41","10,450.48","10,520.68","10,450.48","","0.10%"
"06‏/04‏/2023","10,450.48","10,483.37","10,510.18","10,450.48","","-0.31%"
"05‏/04‏/2023","10,483.37","10,472.04","10,499.51","10,448.04","","0.11%"
"04‏/04‏/2023","10,472.04","10,471.03","10,498.01","10,454.30","","0.01%"
"03‏/04‏/2023","10,471.03","10,391.39","10,471.59","10,383.94","","0.77%"
"31‏/03‏/2023","10,391.39","10,474.35","10,504.73","10,391.39","","-0.79%"
"30‏/03‏/2023","10,474.35","10,528.66","10,546.51","10,473.63","","-0.52%"
"29‏/03‏/2023","10,528.66","10,517.82","10,569.44","10,501.79","","0.10%"
"28‏/03‏/2023","10,517.82","10,492.32","10,517.91","10,429.99","","0.24%"
"27‏/03‏/2023","10,492.32","10,404.52","10,492.32","10,380.97","","0.84%"
"24‏/03‏/2023","10,404.52","10,474.61","10,487.46","10,404.52","","-0.67%"
"23‏/03‏/2023","10,474.61","10,454.29","10,507.16","10,447.13","","0.19%"
"22‏/03‏/2023","10,454.29","10,316.49","10,454.29","10,316.49","","1.34%"
"21‏/03‏/2023","10,316.49","10,446.57","10,446.57","10,315.38","","-1.25%"
"20‏/03‏/2023","10,446.57","10,415.50","10,492.51","10,415.50","","0.30%"
"17‏/03‏/2023","10,415.50","10,513.91","10,534.72","10,412.30","","-0.94%"
"16‏/03‏/2023","10,513.91","10,497.54","10,529.64","10,492.84","","0.16%"
"15‏/03‏/2023","10,497.54","10,559.68","10,579.14","10,483.38","","-0.59%"
"14‏/03‏/2023","10,559.68","10,566.67","10,581.12","10,523.47","","-0.07%"
"13‏/03‏/2023","10,566.67","10,557.71","10,594.03","10,511.46","","0.08%"
"10‏/03‏/2023","10,557.71","10,557.47","10,577.54","10,525.79","","0.00%"
"09‏/03‏/2023","10,557.47","10,592.56","10,622.15","10,543.94","","-0.33%"
"08‏/03‏/2023","10,592.56","10,603.47","10,632.78","10,581.31","","-0.10%"
"07‏/03‏/2023","10,603.47","10,643.91","10,651.72","10,595.55","","-0.38%"
"06‏/03‏/2023","10,643.91","10,712.89","10,738.16","10,643.91","","-0.64%"
"03‏/03‏/2023","10,712.89","10,767.75","10,785.77","10,652.80","","-0.51%"
"02‏/03‏/2023","10,767.75","10,842.62","10,873.22","10,767.75","","-0.69%"
"01‏/03‏/2023","10,842.62","10,907.51","10,958.40","10,842.08","","-0.59%"
"28‏/02‏/2023","10,907.51","10,834.84","10,925.75","10,834.84","","0.67%"
"27‏/02‏/2023","10,834.84","10,844.54","10,901.01","10,826.31","","-0.09%"
"24‏/02‏/2023","10,844.54","10,663.22","10,852.08","10,663.06","","1.70%"
"23‏/02‏/2023","10,663.22","10,625.35","10,679.93","10,596.68","","0.36%"
"22‏/02‏/2023","10,625.35","10,565.37","10,628.12","10,515.46","","0.57%"
"21‏/02‏/2023","10,565.37","10,691.34","10,704.01","10,551.04","","-1.18%"
"20‏/02‏/2023","10,691.34","10,684.60","10,725.94","10,667.18","","0.06%"
"17‏/02‏/2023","10,684.60","10,573.37","10,692.83","10,548.92","","1.05%"
"16‏/02‏/2023","10,573.37","10,555.07","10,600.48","10,544.25","","0.17%"